{
    "modeId": "002",
    "timestamp": "2022-02-28T11:18:00Z",
    "parameters": [
        {
            "key": "100",
            "value": "2022-02-28T11:18:00Z"
        },
        {
            "key": "101",
            "value": "Relay End"
        },
        {
            "key": "102",
            "value": "35"
        },
        {
            "key": "103",
            "value": "200"
        },
        {
            "key": "104",
            "value": "45"
        },
        {
            "key": "105",
            "value": [
                100,
                120,
                125,
                150,
                90,
                100,
                102,
                122,
                132
            ]
        }
    ]
}