{"Items":[{"entityType":"DeviceData","PK":"e9572ea5-23c4-47ca-8132-921b3e45c1b8","latestData":{"bl":"0.00","bt":"0","cons":"0","fl":"50.85","ig":"0","lat":"22.44855","lng":"88.424333","ns":"1012.94","rpm":"91.16","temp":"26.83","timS":"2022-02-02T07:03:47"},"meta":{"type":"IN-0001","sr":"Weather Station","formatId":"3"}},{"entityType":"DeviceData","PK":"61326742-7279-4c5e-82f6-6cae079afd06","latestData":{"bl":"0","bt":"0","cons":"0","fl":"256","ig":"0","lat":"22.109047","lng":"88.297004","ns":"0","rpm":"0","temp":"1.8","timS":"2022-01-31T23:37:15"},"meta":{"type":"IN-0001","sr":"AT-1","formatId":"1"}},{"entityType":"DeviceData","PK":"c857f906-6c88-47ee-94e6-8c3b5a89d427","latestData":{"bl":"42.090","bt":"15.71","cons":"0.00","fl":"76.550","ig":"0.00","lat":"22.108975","lng":"88.316743","ns":"1013.86","rpm":"1013.98","temp":"19.01","timS":"2022-01-31T23:37:17"},"meta":{"type":"IN-0001","sr":"Power Transformer","formatId":"4"}},{"entityType":"DeviceData","PK":"8c0e8eab-e997-4ed0-a583-2efbf0ac937a","latestData":{"bl":"0","bt":"0","cons":"0","fl":"278","ig":"0","lat":"22.087229","lng":"88.256284","ns":"0","rpm":"0","temp":"1.8","timS":"2022-02-02T03:14:23"},"meta":{"type":"IN-0001","sr":"AT-2","formatId":"2"}}],"Count":4,"ScannedCount":4}