[
    {
        "projectId": "01FV3ZA74379PMW6DEJHGGTZ7Y",
        "entityType": "EventInfo",
        "deviceId": "01FVYWAS3WGPJY0YTJWBD4DZPS",
        "parameters": [
            {
                "value": "2022-02-15T19:15:00Z",
                "key": "100"
            },
            {
                "value": "Forward",
                "key": "101"
            },
            {
                "value": "35",
                "key": "102"
            },
            {
                "value": "200",
                "key": "103"
            },
            {
                "value": "500",
                "key": "104"
            },
            {
                "value": [
                    "100",
                    "120",
                    "150",
                    "124",
                    "136",
                    "146",
                    "180",
                    "190",
                    "100"
                ],
                "key": "105"
            }
        ],
        "timestamp": "2022-02-15T19:15:00Z",
        "SK": "TIMESTAMP#2022-02-15T19:15:00Z",
        "PK": "DE#01FVYWAS3WGPJY0YTJWBD4DZPS",
        "modeId": "001"
    },
    {
        "projectId": "01FV3ZA74379PMW6DEJHGGTZ7Y",
        "entityType": "EventInfo",
        "deviceId": "01FVYWAS3WGPJY0YTJWBD4DZPS",
        "parameters": [
            {
                "value": "2022-02-15T19:45:00Z",
                "key": "100"
            },
            {
                "value": "Backward",
                "key": "101"
            },
            {
                "value": "35",
                "key": "102"
            },
            {
                "value": "200",
                "key": "103"
            },
            {
                "value": "500",
                "key": "104"
            },
            {
                "value": [
                    "100",
                    "120",
                    "150",
                    "124",
                    "136",
                    "146",
                    "180",
                    "190",
                    "100"
                ],
                "key": "105"
            }
        ],
        "timestamp": "2022-02-15T19:30:00Z",
        "SK": "TIMESTAMP#2022-02-15T19:30:00Z",
        "PK": "DE#01FVYWAS3WGPJY0YTJWBD4DZPS",
        "modeId": "002"
    },
    {
        "projectId": "01FV3ZA74379PMW6DEJHGGTZ7Y",
        "entityType": "EventInfo",
        "deviceId": "01FVYWAS3WGPJY0YTJWBD4DZPS",
        "parameters": [
            {
                "value": "2022-02-15T19:45:00Z",
                "key": "100"
            },
            {
                "value": "Forward",
                "key": "101"
            },
            {
                "value": "35",
                "key": "102"
            },
            {
                "value": "200",
                "key": "103"
            },
            {
                "value": "500",
                "key": "104"
            },
            {
                "value": [
                    "100",
                    "120",
                    "150",
                    "124",
                    "136",
                    "146",
                    "180",
                    "190",
                    "100"
                ],
                "key": "105"
            }
        ],
        "timestamp": "2022-02-15T19:45:00Z",
        "SK": "TIMESTAMP#2022-02-15T19:45:00Z",
        "PK": "DE#01FVYWAS3WGPJY0YTJWBD4DZPS",
        "modeId": "001"
    }
]